mse,mae,r2
8.720000000000014e-05,0.0006000000000000015,0.9999245381640447
