{
  "mse": 8.720000000000014e-05,
  "mae": 0.0006000000000000015,
  "r2": 0.9999245381640447
}